{
 "sst2": {
  "BertForSequenceClassification": 4.527706651945189,
  "BertSdpaSelfAttention": 0.11550592598473278,
  "BertSelfOutput": 0.0574870606626609,
  "BertIntermediate": 0.04029183861732252,
  "BertOutput": 0.05493702227703655,
  "BertEmbeddings": 0.38912477238219095,
  "BertPooler": 0.06588933660452245
 },
 "stsb": {
  "BertForSequenceClassification": 4.012909399035077,
  "BertSdpaSelfAttention": 0.10412016690113685,
  "BertSelfOutput": 0.05229134427564633,
  "BertIntermediate": 0.03528558323806566,
  "BertOutput": 0.05007916679217791,
  "BertEmbeddings": 0.24789699904310206,
  "BertPooler": 0.09053873340599239
 },
 "qnli": {
  "BertForSequenceClassification": 8.89968412872281,
  "BertSdpaSelfAttention": 0.2537581336110184,
  "BertSelfOutput": 0.12861824674541536,
  "BertIntermediate": 0.08501405646354873,
  "BertOutput": 0.12564293752016747,
  "BertEmbeddings": 0.2546358049603231,
  "BertPooler": 0.11388369133201914
 },
 "rte": {
  "BertForSequenceClassification": 12.5909761764405,
  "BertSdpaSelfAttention": 0.36522111948327385,
  "BertSelfOutput": 0.18070998727556914,
  "BertIntermediate": 0.11960027040913701,
  "BertOutput": 0.17950015063969157,
  "BertEmbeddings": 0.33805559940689955,
  "BertPooler": 0.14465739731996283
 },
 "mrpc": {
  "BertForSequenceClassification": 13.396878676847372,
  "BertSdpaSelfAttention": 0.3895757346470335,
  "BertSelfOutput": 0.1864625611156073,
  "BertIntermediate": 0.1265893988602329,
  "BertOutput": 0.19345343101722512,
  "BertEmbeddings": 0.37078137649908005,
  "BertPooler": 0.1864671594732642
 },
 "qqp": {
  "BertForSequenceClassification": 6.517562851852376,
  "BertSdpaSelfAttention": 0.18146556915721057,
  "BertSelfOutput": 0.09274845617119455,
  "BertIntermediate": 0.06171850539078829,
  "BertOutput": 0.090207795402738,
  "BertEmbeddings": 0.19453171410683323,
  "BertPooler": 0.08517941359809254
 },
 "cola": {
  "BertForSequenceClassification": 4.425546789250746,
  "BertSdpaSelfAttention": 0.11784171419335454,
  "BertSelfOutput": 0.06074662005633578,
  "BertIntermediate": 0.04218700034378681,
  "BertOutput": 0.058403187868929146,
  "BertEmbeddings": 0.14460047969035625,
  "BertPooler": 0.062098944281100195
 },
 "mnli": {
  "BertForSequenceClassification": 9.882739435321028,
  "BertSdpaSelfAttention": 0.28230562633784767,
  "BertSelfOutput": 0.1437805301617963,
  "BertIntermediate": 0.09344480374025578,
  "BertOutput": 0.13880625756215093,
  "BertEmbeddings": 0.27880122163376847,
  "BertPooler": 0.12424891383958873
 }
}